product_id,name,price,original_price,discount,rating,review_count,sold_count,brand,category
270975124,Điện Thoại Oppo A58 6GB/128GB - Hàng Chính Hãng,3890000,4990000,22,5.0,148,28342,OPPO,1789
277007015,Điện thoại Xiaomi Redmi Note 14 6GB/128GB - Hàng Chính Hãng,3850000,4990000,23,5.0,63,6450,Xiaomi,1789
276109904,Apple iPhone 16 Pro Max,29990000,34990000,14,5.0,138,1240,Apple,1789
184059211,Apple iPhone 13,11990000,20000000,40,5.0,2056,6832,Apple,1789
274101262,Máy Tính Bảng Samsung Galaxy Tab A9 Plus Wifi 4GB/64GB - Đã Kích Hoạt Bảo Hành Điện Tử - Hàng Chính Hãng,3590000,5990000,40,4.8,103,437,Samsung,1789
252586291,Máy đọc sách All New Kindle Paperwhite 5 (11th Gen) - Hàng chính hãng,3590000,3590000,0,5.0,106,139,Kindle,1789
274101255,Máy Tính Bảng Samsung Galaxy Tab A9 Wifi 4GB/64GB - Đã Kích Hoạt Bảo Hành Điện Tử - Hàng Chính Hãng,2390000,3490000,32,4.8,145,711,Samsung,1789
277930407,Điện thoại Tecno Spark GO 1 (3GB/64GB) - Hàng Chính Hãng,2190000,2190000,0,5.0,3,72,Tecno,1789
278000720,Điện thoại HONOR X5b Plus 4GB/128GB - Hàng chính hãng,1950000,2990000,35,5.0,5,19,Honor,1789
164318603,Điện thoại bàn Panasonic KX-TGF310 hàng chính hãng,2350000,2350000,0,5.0,6,37,Panasonic,1789
277063012,"Điện thoại Samsung Galaxy S25, Điện thoại AI, Tìm kiếm thông minh, Video camera đêm Nightography, Chip Snapdragon - Đã kích hoạt bảo hành điện tử - Hàng Chính Hãng",16490000,22990000,28,5.0,3,15,Samsung,1789
125182567,Máy đọc sách All New Kindle Paperwhite 5 (11th Gen) - Hàng nhập khẩu,3990000,3990000,0,5.0,409,1582,Kindle,1789
277360579,Điện Thoại Xiaomi Redmi 13 8GB/128GB - Hàng Chính Hãng,3199000,4690000,32,5.0,1,9,Xiaomi,1789
276944892,Điện Thoại Samsung Galaxy A06 4GB/64GB - Hàng Chính Hãng,2189000,3190000,31,4.8,4,13,Samsung,1789
181927774,Điện thoại bàn Panasonic KX-TGD310 hàng chính hãng,1190000,1190000,0,4.8,8,30,Panasonic,1789
277466537,Điện Thoại Samsung Galaxy A36 5G - Hàng Chính Hãng,6790000,9120000,26,5.0,11,1224,Samsung,1789
181452535,"Điện thoại Itel Magic X Pro 4G ,Kết nối WIFI,Chia sẻ WIFI cho máy khác - Hàng chính hãng",619000,790000,22,4.2,31,155,Itel,1789
275913708,Điện thoại Itel it8010 4G - Hàng Chính Hãng,299000,299000,0,4.7,3,28,Itel,1789
276274790,Điện Thoại Samsung Galaxy A06 4GB/128GB - Hàng Chính Hãng,2549000,3490000,27,5.0,4,12,Samsung,1789
274191773,"Điện thoại ZTE Libero 5G IV - 4GB/128GB Dimensity 700 , Kháng nước IP67 , Sạc nhanh 22,5W - Mới nguyên seal - Hàng nhập khẩu",2269000,2990000,24,4.8,4,13,Tecno,1789
11251951,Điện thoại bàn không dây Panasonic KX-TGB110-Hàng Chính Hãng,890000,890000,0,5.0,1,17,Panasonic,1789
276046675,Điện Thoại Oppo A3 6GB/128GB - Hàng Chính Hãng,3989000,4990000,20,0.0,0,1,OPPO,1789
277614251,Apple iPad Air M3 11-Inch Wi-Fi,13990000,16990000,18,5.0,5,30,Apple,1789
163914808,Điện thoại bàn Panasonic  KX-TS500MX-hàng chính hãng,320000,320000,0,5.0,139,985,Panasonic,1789
277465334,Điện Thoại Samsung Galaxy A56 5G - Hàng Chính Hãng,7990000,9810000,19,4.8,8,33,Samsung,1789
277175913,Điện Thoại Xiaomi Redmi Note 14 6GB/128GB - Hàng Chính Hãng,4169000,4990000,16,4.5,7,13,Xiaomi,1789
276539826,"Máy đọc sách New Kindle 2024, 16Gb Mới nguyên Seal - Hàng chính hãng",3590000,3590000,0,5.0,1,8,Kindle,1789
277619147,Máy tính bảng iPad Gen 11 (A16) WiFi,8490000,9990000,15,5.0,46,292,Apple,1789
276314708,Điện thoại Masstel izi 16 4G - Hàng chính hãng,609000,629000,3,5.0,2,3,Masstel,1789
230155305,Điện thoại Xiaomi Redmi Note 10 JE 5G 4GB/64GB - Màn 90HZ - Chống Nước IP68 - Hàng Nhập Khẩu - Bản quốc tế,2429000,3990000,39,4.7,62,167,Xiaomi,1789
277812880,Máy Tính Bảng Galaxy Tab S10 FE Wifi (8GB/128GB) - Hàng Chính Hãng,8890000,11990000,26,5.0,1,2,Samsung,1789
277811118,Điện Thoại Xiaomi Redmi Note 14 5G 8GB/256GB - Hàng Chính Hãng,6089000,7290000,16,0.0,0,1,Xiaomi,1789
277512611,Điện Thoại Samsung Galaxy A56 5G 8GB/128GB - Hàng Chính Hãng,9990000,9990000,0,5.0,1,2,Samsung,1789
277512620,Điện Thoại Samsung Galaxy A36 5G 8GB/128GB - Hàng Chính Hãng,6519000,8290000,21,5.0,3,8,Samsung,1789
276281988,Điện thoại Samsung Galaxy A06 - Hàng chính hãng,3160000,3190000,1,1.0,1,3,Samsung,1789
277311630,Điện Thoại Xiaomi Redmi 14C 6GB/128GB - Hàng Chính Hãng,2689000,3690000,27,5.0,1,16,Xiaomi,1789
277014407,"Điện thoại ZTE Blade A34 (4GB/64GB) Màn hình 6.6"", Pin 5000mAh - Hàng chính hãng",1699000,2190000,22,5.0,2,6,Tecno,1789
201067649,Combo máy đọc sách Kindle Paperwhite 5 (11th gen) tặng kèm bao da ( Cover ) - Hàng nhập khẩu,3590000,3590000,0,5.0,116,576,Kindle,1789
274405521,Điện Thoại Samsung Galaxy A05 4GB/64GB - Hàng Chính Hãng,2099000,2990000,30,3.8,4,34,Samsung,1789
274544634,"Điện thoại Redmi Note 12R 5G 6/128GB Snapdragon 4 Gen 2, Rom Quốc tế có sẳn Tiếng việt - Hàng nhập khẩu",3099000,3590000,14,5.0,9,28,Xiaomi,1789
276410628,"Điện thoại Realme V60 (6GB/128GB) 5G , Chíp Dimensity 6300, Rom tiếng việt - Hàng nhập khẩu",2799000,3999000,30,5.0,2,6,Realme,1789
181927736,Điện thoại bàn Panasonix KX-TGD312 hàng chính hãng,1850000,1850000,0,5.0,6,28,Panasonic,1789
204237269,Điện Thoại Bàn Panasonic KX-TSC11 - Hàng Chính Hãng - Trắng,620000,620000,0,5.0,51,292,Panasonic,1789
170727266,Điện thoại bàn Panasonic KX-TS560 hàng chính hãng,688000,688000,0,5.0,14,53,Panasonic,1789
164213695,Điện thoại bàn Panasonic KX-TGB110 hàng chính hãng,850000,850000,0,5.0,18,73,Panasonic,1789
277737629,Điện Thoại Xiaomi Redmi 13 6GB/128GB - Hàng Chính Hãng,2899000,4290000,32,5.0,3,2,Xiaomi,1789
277041250,Điện Thoại Xiaomi 14T Pro 5G 12GB/512GB - Hàng Chính Hãng,17990000,17990000,0,0.0,0,2,Xiaomi,1789
278219968,Điện thoại OPPO A3 8GB/128GB - Hàng Chính Hãng,4090000,5290000,23,4.7,6,2692,OPPO,1789
278219887,Điện thoại OPPO Reno13 F 5G 12GB/512GB - Hàng Chính Hãng,8250000,11990000,31,5.0,1,1,OPPO,1789
276448920,"Máy đọc sách Amazon Kindle Paperwhite 6 (Gen 12th), Mới nguyên Seal - Hàng chính hãng",4890000,4890000,0,5.0,3,20,Kindle,1789
273990229,Điện Thoại Xiaomi Redmi Note 13 6GB/128GB - Hàng Chính Hãng,3629000,4890000,26,4.8,6,18,Xiaomi,1789
277646748,Điện thoại Samsung Galaxy A06 5G (4GB/64GB) - Hàng chính hãng,2449000,3490000,30,5.0,1,2,Samsung,1789
276465090,"Combo Máy đọc sách Amazon Kindle Paperwhite 6 (Gen 12th) Kèm Bao Da, Mới nguyên Seal - Hàng chính hãng",4890000,4890000,0,0.0,0,4,Kindle,1789
274638659,"Điện Thoại Xiaomi Redmi Note 13 Pro 5G 8GB/128GB Snapdragon 7s Gen 2 , Màn OLED 120Hz, Rom Tiếng việt - Hàng nhập khẩu",4699000,5690000,17,4.5,25,66,Xiaomi,1789
274099409,Điện Thoại Xiaomi Redmi Note 13 8GB/128GB - Hàng Chính Hãng,3849000,5290000,27,4.0,3,8,Xiaomi,1789
276925932,Điện thoại Samsung Galaxy A16 LTE - Hàng chính hãng,3589000,5090000,29,5.0,1,2,Samsung,1789
274639765,"Điện thoại OPPO A2M 5G 6GB/128GB , Dimensity 6020 , Màn 90Hz , Rom tiếng việt - Hàng chính hãng",3690000,3690000,0,4.7,3,14,OPPO,1789
273559020,Máy tính bảng Kindle Fire HD10 2023 13th - 32Gb - Hàng chính hãng,3990000,3990000,0,5.0,2,9,Kindle,1789
277437876,Điện Thoại Samsung Galaxy M15 5G 4GB/128GB - Hàng Chính Hãng,3519000,4390000,20,0.0,0,3,Samsung,1789
271362153,"Combo Máy đọc sách All New Kindle Paperwhite 5 (11th Gen) và Bao da FOR KIDS (Bản KIDS, Không Quảng Cáo) - Hàng chính hãng",3990000,3990000,0,5.0,2,16,Kindle,1789
275407523,Máy đọc sách Pocketbook Era Color- Hàng chính hãng,5990000,7500000,20,4.0,2,7,Pocketbook,1789
276099688,"Xiaomi Redmi Note 12 5G 8GB/128GB ,Màn AMOLED 120Hz , Snapdragon 4 Gen 1 ,Sạc 33W ,Rom tiếng việt - Hàng nhập khẩu",3169000,3999000,21,3.7,3,10,Xiaomi,1789
273653444,Máy tính bảng Kindle Fire HD 10 2023 13th - Hàng nhập khẩu,2590000,2590000,0,5.0,1,1,Kindle,1789
277738691,Điện Thoại Oppo A58 8GB/128GB - Hàng Chính Hãng,5490000,5490000,0,5.0,1,3,OPPO,1789
277704510,Điện Thoại Samsung Galaxy A26 5G 8GB/128GB - Hàng Chính Hãng,5489000,6990000,21,0.0,0,1,Samsung,1789
277030799,"Điện thoại Realme Note 50 , Màn 90HZ (3GB/64GB) Rom quốc tế - Hàng chính hãng",1999000,2690000,26,5.0,1,4,Realme,1789
277490201,Điện thoại Samsung Galaxy A36 5G (8GB/128GB) - Hàng chính hãng,6769000,8290000,18,0.0,0,1,Samsung,1789
276062770,Điện Thoại Xiaomi Redmi 14C 4GB/128GB - Hàng Chính Hãng,2439000,3290000,26,0.0,0,2,Xiaomi,1789
277175955,Điện Thoại Xiaomi Redmi A3 3GB/64GB - Hàng Chính Hãng,1829000,2490000,27,0.0,0,5,Xiaomi,1789
139632023,"Máy đọc sách Kobo Libra (Libra Colour, Libra 2) - hàng nhập khẩu",8600000,8600000,0,5.0,56,209,Kobo,1789
263798932,Máy đọc sách Boox Page - Hàng Chính Hãng,5490000,7990000,31,5.0,11,55,Onyx Boox,1789
276369646,Điện thoại Xiaomi Redmi 14C - Hàng chính hãng,2689000,3290000,18,0.0,0,1,Xiaomi,1789
277499293,Điện thoại Samsung Galaxy A56 5G (8GB/128GB) - Hàng chính hãng,8249000,9990000,17,2.0,1,1,Samsung,1789
274638430,"Điện thoại Xiaomi Redmi 13R 5G 6GB/128GB Dimensity 6100+ , Màn 90Hz , Rom quốc tế có sẳn Tiếng việt - Hàng nhập khẩu",3590000,3590000,0,5.0,6,24,Xiaomi,1789
276529979,Máy đọc sách Kindle Scribe 2024 Kèm bút Premium - Hàng chính hãng,12290000,12290000,0,0.0,0,1,Kindle,1789
277944451,Điện Thoại Realme C75x 6GB/128GB - Hàng Chính Hãng,3939000,4690000,16,0.0,0,1,Realme,1789
273668660,Điện Thoại Oppo A18 4GB/64GB - Hàng Chính Hãng,2590000,3290000,21,4.8,5,793,OPPO,1789
277005407,Điện Thoại Oppo Reno13 F 8GB/256GB - Hàng Chính Hãng,7969000,8990000,11,4.5,2,2,OPPO,1789
275627388,Điện Thoại Oppo A79 5G 8GB/256GB - Hàng Chính Hãng,5930000,7490000,21,0.0,0,1,OPPO,1789
274524050,"Điện thoại Masstel izi T2 4G(LTE), Màn hình 2.4 inch, Đèn pin siêu sáng, Loa to - Hàng chính hãng",499000,559000,11,5.0,3,9,Masstel,1789
277174952,Điện Thoại Xiaomi Redmi Note 14 Pro 8GB/256GB - Hàng Chính Hãng,6739000,7990000,16,0.0,0,1,Xiaomi,1789
273412211,"Điện thoại Xiaomi Redmi 13C (4+128GB) | 6.74"" 90Hz| Media Tek Helio G85| 5000mAh - Hàng chính hãng",3290000,3290000,0,0.0,0,9,Xiaomi,1789
277357126,Điện Thoại Realme Note 50 4GB/128GB - Hàng Chính Hãng,2429000,2890000,16,0.0,0,1,Realme,1789
21317020,Điện thoại bàn không dây Panasonic KX-TGF310 - Hàng Chính Hãng,2590000,2590000,0,0.0,0,7,Panasonic,1789
277553639,"Điện thoại Samsung Galaxy A06 5G (4/128GB), Màn Hình Cực Đại HD+ 6.7”, 5G Kết nối cực nhanh - Hàng chính hãng",2790000,3920000,29,5.0,1,536,Samsung,1789
271329051,"Máy tính bảng Kindle Fire MAX 11, màn hình 11 inch, RAM 4GB, CPU Octa-core 2.2Ghz, bộ nhớ 64/128GB - Hàng chính hãng",4900000,4900000,0,5.0,2,4,Kindle,1789
276451993,"Máy đọc sách Basic 2024 màn hình 6 inch, độ phân giải 300ppi, dung Lượng 16GB, cổng sạc type C - HÀNG CHÍNH HÃNG",3590000,3590000,0,0.0,0,2,X eXtreme,1789
273373420,Điện thoại Xiaomi Redmi 13C (4GB/128GB) - Hàng chính hãng - Bảo hành 18 tháng,3090000,3090000,0,4.0,2,7,Xiaomi,1789
274560616,"Máy tính bảng học tập thông minh Nexta Edutab Kid cho bé từ 5-8 tuổi - quản lý thời gian cho trẻ - 1 đổi 1 trong vòng 30 ngày, bảo hành 12 tháng",2990000,2990000,0,5.0,3,6,Nexta,1789
272850971,"Điện thoại Libero 5G III - 4/64GB Dimensity 700 ,Màn OLED ,Kháng nước IP57 - Hàng nhập khẩu nhật",2990000,2990000,0,5.0,4,11,Tecno,1789
270794184,"Máy đọc sách Kobo Clara (Clara Colour, Clara BW, Clara 2e, Clara HD) - 6inch, 16gb - Hàng Chính Hãng",5500000,5500000,0,5.0,20,47,Kobo,1789
276500411,"Combo Máy đọc sách Kindle Paperwhite 6 12th Kids 16Gb kèm Cover Amazon, Không quảng cáo - Hàng chính hãng",4890000,4890000,0,0.0,0,1,Kindle,1789
230157205,Điện thoại Xiaomi Redmi Note 10T 5G 4GB/64GB - Màn 90HZ - Chống Nước IP68 - Hàng Nhập Khẩu - Bản quốc tế,2599000,4190000,38,5.0,30,78,Xiaomi,1789
277356914,Điện Thoại Realme Note 60 4GB/128GB - Hàng Chính Hãng,2479000,3390000,27,0.0,0,2,Realme,1789
276104423,Điện thoại Masstel izi S1 4G - Hàng chính hãng,509000,629000,19,0.0,0,2,Masstel,1789
274516245,"Điện thoại Masstel Fami 60S 4G(LTE) ,Bàn phím lớn, Khung viền kim loại - Hàng chính hãng",689000,699000,1,0.0,0,2,Masstel,1789
274524033,"Điện thoại người già Masstel Fami 12S 4G(LTE) , Bàn phím chữ số to, Loa lớn , Máy viền thép chắc chắn - Hàng chính hãng",599000,650000,8,0.0,0,2,Masstel,1789
274019962,"Điện thoại Masstel Fami 8 4G(LTE) Gọi HD call , Bàn phím chữ số lớn,Loa to - Hàng chính hãng",519000,669000,22,4.5,2,14,Masstel,1789
271954384,"Điện thoại OPPO A58 6GB/128GB , Sạc nhanh 33W - Hàng Chính Hãng",4990000,4990000,0,5.0,2,3,OPPO,1789
274904904,Máy tính bảng Samsung Galaxy Tab A9 Wifi / LTE (4GB/64GB) - Hàng chính hãng,3869000,5490000,30,5.0,1,7,Samsung,1789
217276360,"Điện thoại Mobell F209 4G ,Loa to, Phím lớn - Hàng chính hãng",629000,769000,18,4.7,3,7,Mobell,1789
170165701,Điện thoại bàn Ktel 645 hàng chính hãng,450000,450000,0,5.0,12,68,KTEL,1789
274257669,Điện thoại Masstel Izi S1 4G (LTE) Gọi HD Call - Hàng chính hãng,469000,569000,18,5.0,1,1,Masstel,1789
274516951,"Điện thoại Masstel izi 16 4G(LTE) , Bàn phím nổi, FM không dây - Hàng chính hãng",469000,569000,18,5.0,1,12,Masstel,1789
173789184,Điện thoại bàn treo tường TC990,250000,250000,0,5.0,7,51,Uniden,1789
271530789,Combo Máy đọc sách All New Kindle Paperwhite 6 - Hàng chính hãng,4790000,4790000,0,4.7,3,15,Kindle,1789
23142193,Điện thoại bàn không dây Panasonic KX-TGC313 - Hàng Chính Hãng,2350000,2350000,0,4.7,3,6,Panasonic,1789
181928208,Điện thoại bàn Panasonic KX-TGC310 hàng chính hãng,990000,1050000,6,5.0,7,55,Panasonic,1789
181927718,Điện thoại bàn Panasonic KX-TGC313 hàng chính hãng,2150000,2150000,0,5.0,3,15,Panasonic,1789
263675862,Điện thoại OPPO A77 4GB+4GB/128GB - Sạc siêu nhanh 33W - Hàng nhập khẩu nhật - Bản quốc tế,4990000,4990000,0,4.8,4,9,OPPO,1789
271467653,Điện thoại Realme C51 (4GB/128GB) - Hàng chính hãng,3990000,3990000,0,5.0,1,3,Realme,1789
164318521,Điện thoại bàn Panasonic KX-TGF320 hàng chính hãng,2500000,2500000,0,5.0,6,24,Panasonic,1789
170727305,Điện thoại bàn Panasonic KX-TS580 hàng chính hãng,1044000,1059000,1,0.0,0,1,Panasonic,1789
181927801,Điện thoại bàn Panasonic KX-TGC212 hàng chính hãng,1650000,1650000,0,4.8,13,50,Panasonic,1789
181928189,Điện thoại bàn Panasonic KX-TGC312 hàng chính hãng,1550000,1550000,0,5.0,6,33,Panasonic,1789
11251711,Điện thoại bàn không dây Panasonic KX-TGD312 - Hàng Chính Hãng,2190000,2190000,0,5.0,2,12,Panasonic,1789
277175972,Điện Thoại Oppo A3x 4GB/64GB - Hàng Chính Hãng,3269000,3490000,6,0.0,0,1,OPPO,1789
11251770,Điện thoại bàn không dây Panasonic KX-TGD310 - Hàng Chính Hãng,1430000,1430000,0,0.0,0,4,Panasonic,1789
226552005,Điện thoại bàn Panasonic KX-TSC11 hàng chính hãng,620000,620000,0,5.0,23,161,Panasonic,1789
198868735,Điện thoại IP Grandstream GRP 2601 hàng chính hãng,880000,880000,0,0.0,0,2,Grandstream,1789
278469345,"Điện thoại ZTE Family 4GB/128GB, Màn OLED Full HD+, Dimensity 700, Kháng nước IP67, Sạc 22,5W - Mới nguyên seal - Hàng nhập khẩu nhật",2599000,2990000,13,0.0,0,1,Tecno,1789
278468370,"Điện thoại OPPO A3X 5G (6GB/128GB) Mediatek Dimensity 6300,màn hình 6.67"" 120Hz ,rom tiếng việt- Hàng nhập khẩu",3299000,3990000,17,0.0,0,1,OPPO,1789
278468539,"Điện thoại Realme Note 60 (6GB/128GB) Màn hình 6.74"" ,Kháng nước IP68 ,Rom tiếng việt - Hàng nhập khẩu Nhật",2599000,3290000,21,0.0,0,1,Realme,1789
278469304,"Điện thoại Masstel Izi 56 4G (LTE) Gọi HD Call ,Pin khủng ,loa lớn - Hàng Chính Hãng",499000,699000,29,0.0,0,1,Masstel,1789
181977398,Điện thoại bàn Panasonic KX-TS880 hàng chính hãng,1150000,1150000,0,4.8,11,49,Panasonic,1789
271234577,Điện Thoại Nokia 105 4G Pro - Hàng Chính Hãng,829000,849000,2,5.0,2,14,Nokia,1789
4048043,Điện Thoại Bàn Panasonic KX-TS500,334000,369000,9,4.5,25,315,Panasonic,1789
278630285,Apple iPhone Air,29990000,31990000,6,5.0,1,26,Apple,1789
278500947,Điện Thoại Realme C71 4GB/128GB - Hàng Chính Hãng,3039000,3990000,24,0.0,0,1,Realme,1789
278278564,Điện thoại Xiaomi Redmi 13x - Hàng chính hãng,2790000,4220000,34,4.2,5,284,Xiaomi,1789
278642597,Tai nghe Samsung có dây EO-IA500BBEGWW 3.5mm - Hàng Chính Hãng,220000,290000,24,0.0,0,7,Samsung,1789
278524463, Điện Thoại Samsung Galaxy S24 FE (8GB/128GB) - Hàng Chính Hãng,9990000,16690000,40,5.0,2,50,Samsung,1789
278628866,Apple iPhone 17 Pro Max,37990000,37990000,0,5.0,25,185,Apple,1789
276440892,[MỚI] Điện thoại vivo Y19s (8GB+128GB) - 1 Đổi 1 trong tháng đầu tiên - Bảo hành chính hãng 12 tháng - Hàng Chính Hãng,4790000,4790000,0,0.0,0,1,Vivo,1789
278467934,"Điện thoại Xiaomi Redmi 13 (6GB/128GB) Màn hình 6.79inch ,Chipset:MediaTek Helio G91- Hàng chính hãng",2859000,3990000,28,0.0,0,2,Xiaomi,1789
179547641,Máy đọc sách Kindle Paperwhite 5 (8GB) - Hàng chính hãng,3990000,3990000,0,0.0,0,1,Kindle,1789
170165658,Điện thoại bàn Ktel 303 hàng chính hãng,450000,450000,0,5.0,5,24,KTEL,1789
4048581,Điện Thoại Bàn Panasonic KX-TSC11,714000,759000,6,4.5,9,66,Panasonic,1789
278469242,"Điện thoại Realme C61(6GB/128GB) Màn hình 6.74inch,pin 5000mAh - Hàng chính hãng",2699000,3290000,18,0.0,0,1,Realme,1789
278252203,"Điện thoại Samsung Galaxy Z Flip7, Điện thoại AI, Màn hình ngoài vô cực 4.1"", Camera selfie 50MP, Mỏng nhất - Hàng Chính Hãng",20490000,28990000,29,5.0,2,4,Samsung,1789
278604009,"Điện thoại Samsung Galaxy S25 Ultra (12GB/256GB), Điện thoại AI, Tìm kiếm thông minh, Video camera đêm Nightography, S Pen đa nhiệm - Đã kích hoạt bảo hành điện tử - Hàng Chính Hãng",23590000,36810000,36,0.0,0,2,Samsung,1789
138481685,"Phần mềm Microsoft 365 Family 6GQ-01896 / EP2-36878  | 12 tháng | Dành cho tối đa 6 người | 5 thiết bị/tài khoản| Word, Excel, PowerPoint | 1TB OneDrive",1760000,2590000,32,5.0,828,5808,Microsoft,1846
3054369,Phần Mềm Diệt Virus BKAV Profressional 1 PC 12 Tháng - Hàng Chính Hãng,235710,243000,3,5.0,1,55,Bkav,1846
275451243,Hộp mực dùng cho máy in canon lbp 2900/3000 (hộp mực 12a) hàng chính hãng ,118000,118000,0,4.5,12,443,Tech,1846
275171088,Hộp mực dành cho máy in Canon LBP 6030/ 6030w F158200 HP P1102 / 1102w Hàng chính hãng Alpha Cartridge,126900,126900,0,5.0,13,317,Alpha Cartridge,1846
99998451,Màn hình máy tính LG UHD 4K 27'' IPS VESA DisplayHDR 400 27UP600K-W - Hàng chính hãng,4960000,8090000,39,5.0,64,1238,LG,1846
276876266,USB 3.2 Gen 1 Acer UM310 SuperSpeed dung lượng 256GB I 512GB I 1TB Bảo hành 5 năm Hàng chính hãng,127000,200000,37,5.0,3,5,Acer,1846
72214499,Mực in chính hãng Epson 003 (dùng cho máy L1110/L3110/L3150/L5190)-HÀNG CHÍNH HÃNG,227465,234500,3,5.0,5,27,EPSON,1846
53080935,"Phần mềm Microsoft 365 Personal  | 12 tháng | Dành cho 1 người | 5 thiết bị/tài khoản | Word, Excel, PowerPoint | 1TB OneDrive",1460000,2090000,30,5.0,1099,4689,Microsoft,1846
275797120,Dây cáp mạng LAN đúc sẵn 2 đầu Cat6E UTP Arigato - Hàng chính hãng,60000,60000,0,5.0,36,470,Arigato,1846
276632232,Dây cáp mạng LAN đúc sẵn 2 đầu Cat6 UTP Unitek - Hàng chính hãng,70000,70000,0,4.8,12,124,Unitek,1846
153911821,"Hộp mực 83A / Cartridge 137 / 337 Legend nhập khẩu - HP Pro M127FN, M125A - Canon MF211, MF212W, MF221D, MF215, MF217W, 151DW, MF240, MF241D, MF226DN",117500,117500,0,4.7,13,313,Legend,1846
275621669,Hộp mực máy in HP 107a / 107w (có chip) hàng nhập khẩu - Dùng cho máy in HP Laser MFP 107a / 107w - Cartridge 107A / W1107A mới 100% [Full Box] ,180000,180000,0,4.8,8,129,Viet Toner,1846
806672,USB Team Taiwan C171 16GB,90000,120000,25,4.8,19,627,TEAM,1846
277284444,Màn Hình Viewsonic VA2432A-H 24inch 120Hz Full HD IPS - Hàng Chính Hãng,1960000,2999000,35,4.5,7,51,Viewsonic,1846
24801234,Ổ cứng SSD 256GB Lexar NS100 2.5-Inch SATA III - Hàng Chính Hãng,610000,635000,4,5.0,10,53,Lexar,1846
275501536,"Hộp mực in 283A/337 cho máy in Canon151dw/MF231/232w/237w/241d/244dw/246dn/247dw/249dw, HP201N/201DW/M225 - Hàng nhập khẩu",105000,145000,28,0.0,0,10,ACO,1846
188040084,USB Kingston DataTraveler Exodia M USB Flash Drive 32G / 64G / 128G / 256G - Hàng Chính Hãng,207580,238000,13,5.0,7,56,Kingston,1846
263272382,"Cụm Drum DR2385 dùng cho máy in Brother HL L2321D, L2361DN, L2366DW, DCP L2520D, MFC L2701D, L2701DW, Cụm Trống TOPJET DR2385/P225 Hàng nhập khẩu",266750,275000,3,5.0,1,30,Topjet,1846
143714075,USB 64GB Kingston DTX- Hàng chính hãng,121900,130000,6,4.2,6,67,Kingston,1846
275585307,Pin dành cho Macbook Air 13'' A1466 A1496 A1405 A1377 2013 2014 2015 2017 hàng nhập khẩu.,860000,890000,3,0.0,0,2,MINHHA,1846
200008181,Pin dùng cho Laptop Dell Latitude 5480 - Model: GJKNX - Hàng Nhập Khẩu New Seal,846541,876541,3,5.0,1,2,MISUFUJl,1846
249052944,"Hộp mực 12A (hàng nhập khẩu) dùng cho máy in Canon LBP 2900, 3000 - HP Laserjet 1020, 1022, MF4320d, MF4350d - Cartridge Q2612A",130000,130000,0,4.8,9,206,NoBrand,1846
574270,Ổ Cứng HDD Laptop Seagate BarraCuda 1TB/128MB/2.5/5400 - ST1000LM048 - Hàng chính hãng,1660000,1690000,2,1.0,1,2,Seagate,1846
276985137,Phần Mềm Diệt Virus BKAV Profressional Internet Security 1 PC 3 Tháng - QUÀ TẶNG BKAV - Hàng chính hãng,30000,30000,0,1.0,1,27,Bkav,1846
103354831,Ổ cứng SSD Lexar NQ100 2.5” SATA (6Gb/s) - Hàng Chính Hãng,660000,685000,4,4.3,6,17,Lexar,1846
459600,"Brother TN-1010 Toner Mực Cho Máy In DCP-1511, DCP-1514, DCP-1616NW, HL-1111, HL-1201, HL-1211W, MFC-1811 - Hàng Chính Hãng",310200,330000,6,4.7,53,480,Brother,1846
260933397,Box Orico Đựng Ổ Cứng HDD/SSD 2.5 inch 25PW1-U3-BK - Hàng chính hãng,169000,169000,0,5.0,1,30,Orico,1846
185922577,Bộ Kích Sóng Wifi Xiaomi Repeater Pro N300 - Hàng Nhập Khẩu,208550,215000,3,4.5,14,65,Xiaomi,1846
200009432,Pin Laptop Cho Dell Inspiron 14V 14VR Inspiron N4020 Inspiron N4030 N4030D mã pin TKV2V W4FYY X3X3X - Hàng Nhập Khẩu  MIBAT655,387790,407790,5,0.0,0,1,MISUFUJl,1846
200027539,Bàn Phím dùng cho laptop Dell Latitude 13 3379 7368 Vostro 14 5468 5471 - Hàng Nhập Khẩu New Seal,255718,263718,3,0.0,0,1,MISUFUJl,1846
142459136,Hộp Mực Cartridge 12A Máy In Canon LBP 2900 (303) 3000 HPQ2612A 1020 M1005 M1010 1018 Có Lỗ Nạp Mực - Hàng Chính Hãng,120000,120000,0,5.0,33,892,GDV,1846
275190023,Mực in Dành Cho Máy Canon 2900/L11121E - Hộp mực 12A HP 1010/ 1015/ 1018/ 1020/ 3015/ 3020/ 3030/ 3050/ 3055/ M1005MFP Hàng chính hãng Alpha Cartridge,126900,126900,0,4.8,6,220,Alpha Cartridge,1846
42561594,Hộp Mực Premium TN2385/ TN2325 Cho Máy In Brother HL-2360/2361 - Hàng Nhập Khẩu,116500,116500,0,4.5,22,472,Premium,1846
276191357,Hộp mực dành cho Máy in Brother DCP 2520dw 2540dw -HL-L2321D HL-2361DN HL-2366DW MFC-L2701D MFC-L2701DW - TN 2325/2385 Mới 100%-CÓ LỔ ĐỔ MỰC Hàng chính hãng Alpha Cartridge ,105000,105000,0,5.0,1,141,Alpha Cartridge,1846
275902796,"Dây Nguồn PC - Cắm PC - Màn Hình Máy Tính - Nồi Cơm Điện - Ấm Nước - Nồi Lẩu, An toàn, Tiện Dụng -Hàng Nhập khẩu",62000,62000,0,5.0,1,31,ratoff-ars,1846
190863875,Ổ cứng di động Toshiba Canvio Advance Hàng Chính Hãng,1750000,1780000,2,4.5,30,145,Toshiba,1846
276191594,Hộp mực 12A Canon 2900 dành cho Canon LBP 2900/3000 HP Laser Jet 1010/1015/1020/3015/3020/3030/3050  HÀNG CHÍNH HÃNG ALPHA CARTRIDGE,126900,126900,0,5.0,9,266,Alpha Cartridge,1846
277284675,Màn Hình Viewsonic VA2732A-H 120Hz 27inch Full HD IPS - Hàng Chính Hãng,2220000,3590000,38,5.0,2,18,Viewsonic,1846
275191713,"Hộp mực 337 dành cho máy in Canon MF211, MF221D,  MF215, MF241D LBP151dw/ Image CLASS MF 237W/ 247DW/ 211D/ MF212W/ MF221D/ MF241D/ MF215/ MF217W/ MF226DN/ MF229DW/ MF 236N/ MF244DW/ Hàng chính hãng Alpha Cartridge",131000,131000,0,4.7,3,141,Alpha Cartridge,1846
9966450,Hộp mực 12A cho máy in 2900 3000 HP. 1010 1020 - Q2612A,116500,116500,0,5.0,16,425,P&G,1846
742901,Phần Mềm Diệt Virus Trend Micro Internet Security 11 - 2017 - Dùng cho 3 PC Win/Mac ,349000,369000,5,4.8,6,38,Trend Micro,1846
271423011,Ổ Cứng Di Động SSD Siêu nhỏ Transcend ESD310 512GB USB 3.2 Gen2x1 TS512GESD310 - Hàng Chính Hãng,1493000,1609000,7,5.0,2,18,Transcend,1846
271041775,USB Kingston 3.2 Gen 1 DataTraveler Exodia Onyx USB Flash Drive 64G / 128G / 256G - Hàng Chính Hãng,145000,145000,0,4.6,12,48,Kingston,1846
145224778,Máy in phun màu Canon Ts207- hàng chính hãng,1040000,1150000,10,4.6,46,234,Canon,1846
275024956,Bộ Phát Router Wifi TP-Link Archer AX10 Gigabit - Wifi 6 Chuẩn AX1500 - HÀNG CHÍNH HÃNG,720000,1390000,48,5.0,4,21,TP-Link,1846
174029994,USB Kingston 64GB DataTraveler Exodia(DTX/64GB) - Hàng chính hãng,115000,115000,0,4.8,12,198,Kingston,1846
214495467,Đầu bấm mạng RJ45 Cat6 Ugreen 50962 (Hộp 50 cái) - Hàng chính hãng,120000,128000,6,5.0,1,18,UGREEN,1846
58669073,"Hộp mực Brother TN2385 dùng cho máy in HL-L2321D, HL-2361DN, HL-2366DW, DCP-L2520D, MFC-L2701D, MFC-L2701DW - Hàng Chính Hãng",485000,505000,4,5.0,51,385,Brother,1846
276665999,"Hộp mực 83A (hàng nhập khẩu) dùng cho máy in HP Laserjet Pro M125, M201, M127fn, M225dw - Cartridge CF283A",130000,130000,0,5.0,1,8,VIET TONER CARTRIDGE,1846
271266352,"USB Lexar JumpDrive Dual Drive D400 Type-C / Type-A - USB 3.1 64G / 128GB, tốc độ đọc 130Mb/s, tương thích MAC / PC - Hàng chính hãng",690000,720000,4,4.8,29,225,Lexar,1846
66566653,Mực nạp ( mực đổ ) cho hộp mực 12A/ 49A/ 05A Canon 2900/ 3300/ HP 1010/1020...,35000,35000,0,5.0,19,250,Hà Anh,1846
276287867,Quạt tản nhiệt CPU Led rainbow 11X for Intell lõi đồng nguyên chất cho máy tính hàng nhập khẩu,180000,180000,0,5.0,3,10,Tech77,1846
276952048,Màn hình MSI PRO MP242L 23.8 inch FHD IPS 100Hz 1ms - Hàng Chính Hãng,1860000,2490000,25,4.8,6,34,MSI ,1846
190794920,Ổ Cứng Di Động Toshiba Canvio Ready Hàng Chính Hãng,1720000,1750000,2,4.7,31,151,Toshiba,1846
261976274,Dây cáp mạng LAN đúc sẵn 2 đầu Cat5E UTP Kingmaster - Hàng chính hãng,65000,99000,34,4.0,14,175,Kingmaster,1846
275961342,Hộp mực 78A dành cho Canon 6230dn 6230dw 6200d - HP P1560/1536/P1566/1600/P1606DN Mực in Canon MF4410/4430/4580DN/MF4570dn/4550d/4452/4450/4450d/MF4420n /4412/ự D520  Có lổ đổ mực-Hàng chính hãng Alpha Cartridge,131000,131000,0,3.7,3,103,Alpha Cartridge,1846
275452721,"Hộp mực Dành Cho máy in Canon LBP 2900, 3000 - 12A / HP LaserJet - 1010/ 1012/ 1015/ 1020/ 1018/ 1022/ 1022n/ 1022nw- Hàng chính hãng Alpha Cartridge ",116500,116500,0,4.0,1,112,Alpha Cartridge,1846
6403893,Dây mạng bấm sẵn 2 đầu Cat6 UTP Patch Cords dài 5M UGREEN NW102 11204 - Hàng chính hãng,79000,180000,56,5.0,239,1443,UGREEN,1846
143105681,Hộp Mực In Cartridge 12A Cho Máy Canon LBP 2900 3000 Q2612A FX9 FX10 103 303 703 104 304 Có Lỗ Nạp Mực - Hàng Chính Hãng,120000,120000,0,4.5,13,489,GDV,1846
275646308,"Combo 10 cuộn giấy in nhiệt Oji K580x45 (80mm x 45mm) Chuyên dùng in bill, in hóa đơn bán hàng shop online, cửa hàng, quán Cafe,...Hàng chính hãng",65000,65000,0,5.0,1,34,VIETHAS,1846
6964171,Hộp Mực Máy In Hp 85a,117500,117500,0,5.0,11,138,NC,1846
459733,"Brother TN-2385 Toner Mực Cho Máy In HL-L2321D, HL-2361DN, HL-2366DW, MFC-L2701D, MFC-L2701DW - Hàng Chính Hãng",475000,495000,4,4.8,456,3236,Brother,1846
416990,TP-Link  TL-WN722N - USB Wifi (high gain) tốc độ 150Mbps - Hàng Chính Hãng,174800,220000,21,4.7,596,5762,TP-Link,1846
9845151,"Hộp mực máy in HP 85a (Cartridge, catrich, toner 85a, 1102, 1212, 1132)",116500,116500,0,4.8,85,578,NC,1846
275662684,"Hộp mực 136A (Có chip) hàng nhập khẩu - Dùng cho máy in Hp Laserjet M211d, M211dw, M236dw - Cartridge 136A - W1360A",232800,240000,3,5.0,5,55,Viet Toner,1846
275671411,"Hộp mực 107A Có Chíp  cho HP MFP 135A 135w 137fn 137fw 137fnw - 107w - w1107a tương thích lắp vào là in, mới 100%-Hàng chính hãng Alpha Cartridge",168000,168000,0,5.0,4,25,Alpha Cartridge,1846
108843366,Tp-Link MR100 | Router Wi-Fi 4G LTE Chuẩn N Tốc Độ 300 Mbps | Hàng Chính Hãng,795000,825000,4,4.8,15,63,TP-Link,1846
276825703,"Cụm drum 32A - Cụm trống 32A hàng nhập khẩu dùng cho máy in HP Laserjet M203d, M203dn, M203dw, M230fdw, M230sdn, MFP M227d, MFP M227fdn, MFP M227fdw, MFP M227sdn - Canon LBP 161dn, 162dw, MF266dn, MF261d, MF264dw, MF269dw - Drum Unit CF232A mới 100% ",150000,150000,0,0.0,0,10,VIET TONER CARTRIDGE,1846
174593821,"Kích Sóng Wifi Tốc Độ Cao 4 Râu 300M PIX-LINK LV-WR09 Thiết Bị Mở Rộng Sóng Bao Phủ Căn Nhà, Văn Phòng - Hàng Chính Hãng",195000,299000,35,4.3,135,607,PIX-LINK,1846
275175751,Combo 5 Mực nạp Brother 2280 2385 1010 B022 dành cho HL 2240 2270 2321 L2300D L2305W L2320D L2340DW L2360DW L2380DW DCP 7060 7065 L2520DW L2540DW MFC 7360 7362 7470 7860 L2680W L2700DW L2705DW L2707DW L2720DW 7535DW Hàng chính hãng Alpha Cartridge,160000,160000,0,4.5,2,46,Alpha Cartridge,1846
276802041,"USB phát wifi từ sim 4G 5G Dongle, Dcom wifi, bộ phát wifi tốc độ cao sử dụng mọi loại sim - Hàng chính hãng / Hàng nhập khẩu",428000,448000,4,0.0,0,12,PIX-LINK,1846
6711831,Hộp mực máy in canon Lbp 6030/ 6030w,125000,125000,0,4.5,2,57,OEM,1846
419320,Máy In Laser Đơn Năng Canon LBP 6030 - Hàng chính hãng,2760000,4490000,39,4.6,240,2131,Canon,1846
278504554,Kệ đỡ giá đỡ đế tản nhiệt cho ipad máy tính bảng hợp kim nhôm gấp gọn xoay 360 độ nhiều nấc độ cao K31- Hàng chính hãng,139000,139000,0,1.0,1,9,SUZIN,1846
275073647,Giắc ổ cắm chuyển đổi đầu 3 chân sang 2 chân nguồn 220V thông thường - Hàng chính hãng,25000,25000,0,5.0,3,32,Gro-Fa,1846
275937235,"Bộ Dock Seagate 3.0 Cho ổ cứng 2,5inch và 3.5inch - Dock ổ cứng máy bàn PC - Hàng chính hãng",190000,250000,24,3.0,2,9,Lenovo,1846
276174461,Máy In HP Laser 108W (4ZB80A) - Hàng Chính Hãng,3060000,3690000,17,5.0,2,12,HP,1846
1406949,Ổ Đĩa Rời Đọc Và Ghi CD/DVD Transcend TS8X DVDS-K - Hàng Chính Hãng,920000,1009000,9,4.8,14,119,Transcend,1846
134559638,USB SanDisk CZ73 Ultra Flair - USB 3.0 - Hàng Chính Hãng,189000,189000,0,5.0,1,14,SanDisk,1846
274402602,USB 3.2 Team Group C175 - Hàng chính hãng,105000,175000,40,4.8,8,152,TEAM GROUP,1846
12404568,Bộ Phát Wifi TP-Link TL-WR820N Chuẩn N 300Mbps - Hàng Chính Hãng,220238,353500,38,4.6,198,1103,TP-Link,1846
275621665,Hộp mực cho máy in HP 135a / 135w (có chip) hàng nhập khẩu - Dành cho máy in HP Laser MFP 135a / 135w - Cartridge 107A / W1107A mới 100% [Full Box] ,180000,180000,0,5.0,2,70,Viet Toner,1846
276895947,"Usb phát sóng wifi từ sim 4G USB Modem, Bộ phát Wifi từ Sim 4G, Dcom phát wifi tốc độ cao,  phủ sóng rộng - Hàng chính hãng / Hàng nhập khẩu",318000,338000,6,5.0,1,9,PIX-LINK,1846
136032838,Bộ Mở Rộng Sóng Wifi TP-Link RE505X Chuẩn AX1500 - Hàng Chính Hãng,809000,839000,4,4.7,3,18,TP-Link,1846
8608925,Hộp mực dành cho máy in Laser Brother HL-L2321D.,115000,115000,0,5.0,5,66,OEM,1846
275453546,"Hộp mực TN 2385 -dành cho Brother HL-L2321D HL-2361DN HL-2366DW MFC-L2700dw MFC-L2701DW 2300D/2320D/L2340DW/L2360DW/L2380DW/L2321D/L2361DW DCP-L2520DW/L2540DW MFC-L2700DW -Chất lượng cao Mới 100%, Full hộp Hàng chính hãng Alpha Cartridge ",105000,105000,0,5.0,1,36,Alpha Cartridge,1846
6909331,Bộ Kích Sóng Wifi Repeater Băng Tần Kép AC750 TP-Link RE200 - Hàng Chính Hãng,370000,548500,33,4.8,135,1653,TP-Link,1846
276643010,Hộp Mực In GDV Cartridge 12A Cho Máy In Canon LBP 2900 (303) 3000 HPQ2612A 1020 M1005 M1010 1018 Có Lỗ Nạp Mực - Hàng Chính Hãng,120000,120000,0,0.0,0,18,GDV,1846
134840301,USB 3.2 Gen 1 Kingston DataTraveler Exodia - Hàng Chính Hãng,115000,115000,0,4.8,81,1083,Kingston,1846
263334753,Mực in HP 680 Tri-color Original Ink Advantage Cartridge (F6V26AA) - Hàng chính hãng,257000,265000,3,5.0,4,22,HP,1846
275354649,"USB Thu Wifi Chuẩn N Tốc Độ Cao 150Mbps Tăng Khả Phạm Vi Thu Phát Sóng Wifi Cho Máy Tính Xách Tay, Máy Tính Để Bàn, Thiết Bị Thu Nhận Ngoại Vi - Hàng nhập khẩu",115000,115000,0,5.0,3,16,ratoff-ars,1846
8114282,Máy Scan Canon Lide 300 - Hàng Chính Hãng,1760000,2490000,29,4.6,161,730,Canon,1846
262636982,"Trống Mực In (Drum) Brother DR-B022 (12.000 Trang) Sử Dụng Cho Máy In Brother B2080DW, B2000D, B7535DW, B7715DW - Hàng Chính Hãng",660000,685000,4,4.8,5,42,Brother,1846
108402189,"Kích sóng wifi tốc độ cao 4 râu 300M PIX LINK LV-WR09 thiết bị kích sóng phủ rộng giải pháp cho mạng yếu, kết nối đến 50M cực nhanh, cài đặt dễ dàng - Hàng chính hãng",185000,249000,26,4.6,12,57,PIX-LINK,1846
276101008,"Dây nguồn PC , dây nguồn máy tính , máy in ARIGATO - Hàng chính hãng",75000,75000,0,5.0,2,15,Arigato,1846
276308462,Bộ Thu Phát USB Bluetooth 5.3 TP-Link UB500 Nano thiết kế nhỏ gọn dành cho PC / Laptop - Hàng chính hãng,155000,155000,0,5.0,2,9,TP-Link,1846
100159275,"Hộp mực in 35A/36A/85A - No box - Hộp mực dùng cho máy in HP: LaserJet P 1005, 1006, 1102, 1212NF, 1505, 1515 / M 1120, 1130, 1132MF, 1210, 1319, 1522. HP: LaserJet P 1005, 1006, 1102, 1212NF, 1505, 1515 / M 1120, 1130, 1132MF, 1210, 1319, 1522.",100000,100000,0,5.0,4,47,OEM,1846
96366223,"Hộp mực in 12A/FX9 - SAHA - Hộp mực dùng cho máy in Canon: LBP 2900, 3000, HP: LaserJet 1010, 1012, 1015, 1018, 1020, 1022, 3015, 3020, 3030, 3050, 3052, 3055, M1005MFP, M1319MFP",85000,85000,0,4.5,4,36,SAHA,1846
7262847,"Bộ siêu kích sóng,khuếch đại wifi Tenda 3 ăng ten 300Mbps ",291400,310000,6,4.3,23,123,Tenda,1846
275196131,"Hộp mực 12A dành cho Canon 2900/ L11121E Mực in HP LaserJet 1010/1015/1020/3015/3020/3030/3050 Canon L120, MF4122, MF4150, MF4680, L140, L160, MF4270, MF4320d, MF4350d 3000 FX9 FX10 CÓ LỔ ĐỔ MỰC Hàng chính hãng Alpha Cartridge",116500,116500,0,4.0,5,121,Alpha Cartridge,1846
16308170,"Hộp mực 48A cho máy in HP LaserJet Pro M15a, M28a, M28w",141000,154000,8,4.7,29,129,OEM,1846
275621667,Hộp mực máy in HP 137fnw (có chip) hàng nhập khẩu - Dùng cho máy in HP Laser MFP 137fnw - Cartridge 107A / W1107A mới 100% [Full Box] ,180000,180000,0,0.0,0,32,Viet Toner,1846
13147642,"Mực In Brother BTD60BK màu đen dùng cho Brother DCP-T310, DCP-T510W, DCP-T710, MFC-T810W, MFC-T910DW - Hàng Chính Hãng",198850,205000,3,4.5,15,257,Brother,1846
459201,Máy In Laser Đen Trắng Đơn Năng Brother HL-L2321D Duplex - Hàng Chính Hãng,2960000,3690000,20,4.7,630,4508,Brother,1846
554426,Bộ Kích Sóng Wifi Repeater 300Mbps Tenda A9 - Hàng Chính Hãng,223100,230000,3,4.3,3,54,Tenda,1846
2901371,Máy In Phun Màu Canon Pixma G1010 - Hàng Chính Hãng,2934000,3520000,17,4.5,216,1247,Canon,1846
277286085,Màn Hình Viewsonic VA2708-2K-MHD 27 inch (2K/100HZ/1MS/LOA) - Hàng Chính Hãng,3620000,4590000,21,5.0,7,18,Viewsonic,1846
147759418,Máy in HP LaserJet M211dw (9YF83A) - Hàng chính hãng,3532500,4990000,29,5.0,3,17,HP,1846
26691653,USB SanDisk Ultra Luxe USB 3.1 Flash Drive | SDCZ74-032G-G46 | USB3.1 | Hàng Chính Hãng,189053,229000,17,5.0,5,81,SanDisk,1846
278504558,Kệ đỡ giá đỡ đế tản nhiệt cho máy tính bảng hợp kim nhôm gấp gọn xoay 360 độ nhiều nấc độ cao K31- Hàng chính hãng,139000,139000,0,5.0,1,3,SUZIN,1846
275671222,"USB 2 in 1 Type C/ Type A Lexar D300 Dual Drive 32GB/ 64GB/ 128GB/ 256GB, tốc độ đọc 130MB/s - HÀNG CHÍNH HÃNG",193030,199000,3,0.0,0,20,Lexar,1846
763675,Máy In Laser Đơn Năng Brother HL-L2366DW - Hàng Chính Hãng,4108200,4490000,9,4.5,121,694,Brother,1846
74547194,Bộ Phát Wifi Di Động 3G/4G TP-Link M7000 - Hàng Chính Hãng,855000,885000,3,4.7,36,147,TP-Link,1846
264051224,Thiết Bị Phát Wifi Di Động Huawei 3G/4G E5783-836 Chuẩn Tốc Độ Cao CAT7 300Mbps Hỗ Trợ Hai Băng Tần 2.4Ghz & 5Ghz - Hàng Chính Hãng,2019000,2059000,2,4.5,2,9,Huawei,1846
275459017,"Cục phát wifi từ sim 4G 5G kèm pin 10.000mA TP10000 phát liên tục 24 tiếng, tốc độ cao 300Mbps kết nối cho 10 thiết bị vô cùng tiện lợi - hàng nhập khẩu",960000,990000,3,5.0,1,8,PIX-LINK,1846
275269583,USB KIOXIA 32GB/64GB/128GB U301 USB 3.2 Gen 1 - Hàng chính hãng,130000,130000,0,5.0,1,7,KIOXIA,1846
15236913,Cáp mạng Cat6  UTP dài 5m chính hãng UGREEN NW102 20162 - Hàng chính hãng,75000,89000,16,5.0,1,2,UGREEN,1846
25552398,Băng mực máy in Kim Epson LQ310 - HÀNG CHÍNH HÃNG,65000,65000,0,4.8,14,150,Fullmark,1846
8114283,Máy Scan Canon Lide 400 - Hàng Chính Hãng,2460000,3490000,30,4.8,61,281,Canon,1846
277596820,Thiết bị định tuyến mạng không dây TP-Link Router Wifi 4 300Mbps TL-WR820N - Hàng chính hãng,271660,299000,9,0.0,0,1,TP-Link,1846
62639751,Cáp mạng Cat6 Commscope UTP - Hàng chính hãng,3470000,3500000,1,5.0,7,33,Commscope,1846
134641513,USB SanDisk CZ600 - USB 3.0 - Hàng Chính Hãng,193030,199000,3,5.0,1,19,SanDisk,1846
490895,TP-Link Archer C50 - Router Băng Tần Kép Không Dây AC1200 - Hàng Chính Hãng,370000,1099000,66,3.0,4,87,TP-Link,1846
190315447,Phần Mềm Diệt Virus BKAV Pro Internet Security AI (1 năm) - Hàng Chính Hãng,175000,175000,0,5.0,70,600,Bkav,1846
167434226,FAN CPU Intel Core i3 - Hàng Nhập Khẩu ,90000,90000,0,0.0,0,1,Intel,1846
9148580,Quạt Tản Nhiệt CPU Socket 1155/1151/1150- Fan Intel Box - Hàng Nhập Khẩu,63000,63000,0,4.6,15,63,Intel,1846
69196844,Khóa bảo mật VinCSS FiDO2® Touch 1 (USB-A) - Multi Factor authentication (MFA) - Security Key and passkey - Chuẩn FIDO2 - Bảo vệ tài khoản online -  Hàng chính hãng,738900,768900,4,4.8,32,155,VinCSS,1846
575519,HDD Box ORICO USB3.0/3.5/2.5 6228US3-C Hàng Chính Hãng,655000,695000,6,3.1,7,71,Orico,1846
271130195,Đĩa diệt virus Kaspersky Standard cho 3 máy tính / 1 năm - Hàng chính hãng,355000,439000,19,5.0,2,13,Kaspersky,1846
514323,TP-Link  TL-SG108 - Switch Để Bàn 8 Cổng Gigabit - Hàng Chính Hãng,469900,504900,7,5.0,16,86,TP-Link,1846
185073235,Bo Mạch Chủ Main Gigabyte B560M-DS3H Socket LGA 1200 - Hàng Chính Hãng,2460000,2490000,1,5.0,1,2,Gigabyte,1846
23691807,Ổ cứng HDD Western Digital 1TB Blue 3.5 inch - Hàng nhập khẩu,1660000,1690000,2,0.0,0,6,WD,1846
225303430,"TP-Link LS1008 - Bộ chia mạng 8 cổng, tiết kiệm điện năng, tốc độ cao 10/100 Mbps - Hàng chính hãng",190000,190000,0,5.0,2,12,TP-Link,1846
273332596,Bộ nhớ RAM PC PATRIOT DDR4 8GB 2666MHz (Không tản nhiệt/ Tản nhiệt) - Hàng Chính Hãng,720000,750000,4,1.0,1,12,Patriot,1846
58722665,Set 50 cuộn giấy in nhiệt K80 ∅45 (OJI - JAPAN) Hàng nhập khẩu,317000,350000,9,4.5,2,15,OJI,1846
416914,TP-Link  TL-WN821N - USB Wifi Chuẩn N Tốc Độ 300Mbps - Hàng Chính Hãng,179000,220000,19,4.6,363,2872,TP-Link,1846
276181938,USB 3.2 Team Group C175 32GB - Hàng chính hãng,100000,169000,41,5.0,10,130,TEAM GROUP,1846
251999091,"Mực nạp đa năng KT221 (tặng kèm phễu) (hàng nhập khẩu) dùng cho hộp mực 12A, 35A, 85A, 49A, 53A, 26A, 05A, 78A, 83A",25000,25000,0,4.7,3,273,NoBrand,1846
252563141,"Nhãn in Tepra SS9K (Chữ Đen Nền Trắng, Khổ 9mm) - Hàng chính hãng",232800,240000,3,0.0,0,5,KingJim,1846
273197801,"Hộp mực Topjet 76A/057 NO CHIP cho máy in Hp HP M404n, M428DW Canon LBP 223dw/ 226dw PHẢI LẤY CHÍP CŨ GẮN QUA - Hàng Chính Hãng ",198000,198000,0,5.0,1,10,Topjet,1846
274928774,"Hộp mực 78A 326 328 Prospect dùng cho máy in LBP 6230DN, 6200, HP P1566 P1606, 1536dnf  đậm đẹp, hàng chính hãng",154000,154000,0,3.7,3,83,Prospect,1846
252562412,"Nhãn in Tepra SS6K (Chữ Đen Nền Trắng, Khổ 6mm) - Hàng chính hãng",232800,240000,3,0.0,0,1,KingJim,1846
252563758,"Nhãn in Tepra SS18K (Chữ Đen Nền Trắng, Khổ 18mm) - Hàng chính hãng",325000,345000,6,0.0,0,5,KingJim,1846
248792234,Hộp mực cho máy in HP Neverstop Laser 1000w / 1000a hàng nhập khẩu mới 100% [Full box] -  103A / W1103A,110000,110000,0,4.0,6,54,NoBrand,1846
275541036,Sạc dành cho Laptop Asus VivoBook S333 S433 S533 S333JA S433EA S433EQ S433FA S533EA S533EQ - hàng nhập khẩu,247000,255000,3,0.0,0,1,MINHHA,1846
277230440,"Camera Nội Soi Tai Mũi Họng Dụng Cụ Lấy Ráy Tai Đa Năng 3 Trong 1 HD Đường Kính 3.9mm Dùng Cho PC, Laptop, Android AN103 - Hàng Nhập Khẩu",281300,295000,5,2.0,1,3,ROGTZ,1846
1939921,"Hộp Mực In 85A HM247 Dùng Cho Máy In HP 1102, P1102W, M1212, M1132 - Hàng Nhập Khẩu",119000,119000,0,5.0,9,64,Ecoink,1846
277744033,Bộ mở rộng sóng Wifi TP-Link Wifi 6 RE505X - Hàng chính hãng,809000,849000,5,4.0,1,1,TP-Link,1846
26029837,"Hộp Đựng Ổ Cứng (HDD Box) 2.5"" Orico USB 3.0 Nhựa Trong Suốt cho Ổ HDD và SDD - Hàng Chính Hãng",149900,185000,19,4.8,6,37,Orico,1846
277611453,Pin Laptop HP HT03XL - Hàng Nhập Khẩu,785000,815000,4,5.0,1,2,HP,1846
416978,Bộ Chuyển Đổi USB Wifi Nano TP-Link TL-WN725N Chuẩn N 150Mbps - Hàng Chính Hãng,158000,158000,0,4.7,26,162,TP-Link,1846
262065570,"Bộ phát wifi từ sim 4G PIX-LINK USB Modem  ,USB phát Wifi 4G LTE từ sim 4G, Dcom phát wifi di động  tốc độ cao, phủ sóng rộng - Hàng chính hãng / Hàng nhập khẩu",237650,245000,3,4.3,71,418,PIX-LINK,1846
12071716,Mực In Cho Máy HL-B series Brother TN-B022 Toner - Hàng Chính Hãng,470000,490000,4,4.8,78,557,Brother,1846
243252575,Bộ Phát WiFi 4G/5G LTE - Bộ Phát Wifi Di Động 4G/5G LTE - Tốc Độ 150Mb Hỗ Trợ Tất Cả Nhà Mạng - Hàng Chính Hãng,669000,699000,4,4.2,13,53,LTE,1846
416911,TP-Link  TL-WN823N - USB Wifi chuẩn N tốc độ 300Mbps - Hàng Chính Hãng,193030,199000,3,4.7,52,455,TP-Link,1846
274527319,"Bộ phát Wifi di động PROLiNK DL7202 dùng SIM 4G LTE 150Mbps, pin 3000mAH lên tới 12h, TFT 1.44"", hỗ trợ 185 quốc gia - Hàng chính hãng",1209000,1239000,2,5.0,4,17,Prolink,1846
6841341,USB Sound Card - Cáp chuyển từ cổng USB ra audio 3.5mm hỗ trợ Mic và Tai Nghe Ugreen 30712 - Hàng Chính Hãng,198753,240000,17,4.8,62,263,UGREEN,1846
15668735,"Ổ đĩa dvd rời cho laptop, desktop, máy tính bàn, ổ đĩa quang dvd rw gắn ngoài qua cổng USB hỗ trợ đọc, ghi đĩa dvd, cd không kén đĩa.",364000,490000,26,4.6,119,626,OEM,1846
275859546, Pin dành cho laptop HP Pavilion 14-ce 14 ce series 14-ce1014TU (HT03XL) hàng nhập khẩu,575040,599000,4,0.0,0,5,MINHHA,1846
31262507,USB Thu Wifi cho PC - Laptop LB-Link - Hàng Chính Hãng,79000,79000,0,4.5,35,198,LB-LINK,1846
21089128,Bộ Thu Wifi USB TP-Link TL-WN722N Chuẩn N 150Mbps - Hàng Chính Hãng,226980,234000,3,5.0,3,40,TP-Link,1846
186139303,Ram PC KingSpec 8GB DDR3 1600Mhz - Hàng Chính Hãng,750000,780000,4,5.0,1,7,KingSpec,1846
509716,"Brother DR-2385 Drum Cho Máy In HL-L2321D, HL-2361DN, HL-2366DW, MFC-L2701D, MFC-L2701DW - Hàng Chính Hãng",625000,650000,4,5.0,65,425,Brother,1846
275915449,Sạc dành cho Laptop Dell Oval 45w 65w Walt chân Type C hàng nhập khẩu,470000,490000,4,0.0,0,1,MINHHA,1846
189460846,USB Acer UP300 tốc độ đọc/ghi lên đến 120 MB/s - Hàng chính hãng bảo hành 5 năm - Thiết bị lưu trữ dung lượng 8GB - 1TB,209520,361000,42,4.5,9,46,Acer,1846
75348973,"(Combo 50 cuộn) Giấy in nhiệt K57x38 - Giấy in Bill K57 - Giấy in hóa đơn K57 - Dùng cho các dòng máy in: XPRINTER, EPSON, BIXOLON, COGNITIVE, BIRCH, YAMAFUJI,C USTOM, SUPER PRINTER, TOPCASH, ANTECH, DATAPRINT, APOS, TAWA PRP, ATP",218250,225000,3,5.0,1,8,InkMax,1846
276985445,"USB Bluetooth 5.3 TP-Link UB500 Plus Chuẩn Bluetooth Mới nhất, Nhanh Hơn, Mạnh Mẽ Hơn - Hàng chính hãng",195000,195000,0,0.0,0,6,TP-Link,1846
456497,TP-Link  TL-SG1005D - Switch 5 Cổng Gigabit Desktop - Hàng Chính Hãng,281060,299000,6,5.0,7,54,TP-Link,1846
252103703,"Nhãn tiêu chuẩn Brother TZe-131, (12mm x 8m - Chữ đen trên nền trong, chống thấm nước) - Hàng chính hãng",291400,310000,6,0.0,0,2,Brother,1846
273197783,"Hộp mực Topjet TN2280. dùng cho máy in Brother HL 2130, HL 2240, 2250, 2270, 7060, 7360, 7860 - Hàng Chính Hãng ",143000,143000,0,5.0,3,22,Topjet,1846
2302081,USB 3.1 SanDisk CZ430 Ultra Fit 32GB 130MB/s - Hàng Chính Hãng,162000,199000,19,4.5,16,237,SanDisk,1846
561984,Kaspersky Anti Virus Cho 3 Máy Tính - KAV3U - Hàng chính hãng,367000,425700,14,4.7,6,56,Kaspersky,1846
20018750,USB 128GB Hoco - Hàng Chính Hãng,424000,449000,6,0.0,0,25,Hoco,1846
275854374,Pin dành cho Laptop HP Pavilion 15 cs 15-cs series 15-cs3011TU 15-cs1044TX 15-cs1045TX 15-cs1080TX hàng nhập khẩu,575040,599000,4,0.0,0,2,MINHHA,1846
275246760,"Hộp mực TN B022 Prospect dùng cho máy in Brother HL-B2000D, HL-B2080DW, DCP-B7535DW, MFC-B7715DW - Hàng chính hãng",135300,135300,0,4.5,2,12,Prospect,1846
277999766,"Màn chiếu treo tường/ Di động dạng Lite Prima - Apollo - nhẹ gọn mang đi, dễ lắp đặt bằng móc treo. Kích thước 60 inch, 72 inch, 80 inch và 100 inch tỉ lệ 16:9 và 4:3 - Hàng nhập khẩu",230472,267600,14,0.0,0,1,Apollo,1846
273471111,"Hộp mực W1510A (không chip) (hàng nhập khẩu) dùng cho máy in HP LaserJet Pro 4003dn,  4003dw, 4003n,  MFP 4103dw, 4103fdn, 4103fdw - Cartridge W1510A mới 100% Fullbox",180000,180000,0,0.0,0,4,OEM,1846
14379439,Trống máy in Brother HL-2385/L2320D/2321D/2340DW/2360DN/2361dn/2365DW - Hàng nhập khẩu,58000,58000,0,5.0,10,153,KOMAXI,1846
277860831,Bộ loa hội nghị Jabra Speak 410 - Hàng Chính Hãng,2446000,2476000,1,0.0,0,4,Jabra,1846
52492069,MÁY CHẤM CÔNG THẺ GIẤY RONALD JACK RJ2300-TẶNG 190 THẺ GIẤY- HÀNG NHẬP KHẨU,2260000,2290000,1,0.0,0,24,RONALD JACK,1846
708026,Bộ Phát Wifi TP-Link Archer C50 Băng Tần Kép AC1200 - Hàng Chính Hãng,439000,459000,4,4.8,140,447,TP-Link,1846
200027482,Bàn phím dùng cho Laptop Dell Inspiron 5420 Audi A4 - Hàng Nhập Khẩu New Seal,229804,236911,3,5.0,1,1,MISUFUJl,1846
277286297,Bộ chia tín hiệu VGA 1 ra 2 FJGEAR FJ-2002 - Hàng Nhập Khẩu,85000,85000,0,0.0,0,2,ROGTZ,1846
207390081,[Combo 3 cuộn] Nhãn in Tepra SS12KW (LC-4WBN) - Chữ đen nền trắng 12mm x 8m - Hàng nhập khẩu,375000,395000,5,0.0,0,1,King Jim,1846
170823288,Mực photocopy Thuận Phong MP3054 dùng cho máy Ricoh MP 2554/ 2555/ 3054/ 3055/ 3554/ 3555/ 4054/ 4055/ 5054/ 5055/ 6054/ 6055 - Hàng Chính Hãng,310200,330000,6,0.0,0,1,Thuận Phong,1846
276067218,"Ruy băng ERC 05, dùng cho máy in kim Máy dùng EPSON ERC-05 / 5 cái",195000,195000,0,0.0,0,1,OEM,1846
275491566,Ram PC HIKSEMI HIKER UDIMM 8GB DDR3 Bus 1600Mhz – Hàng Chính Hãng,330000,350000,6,0.0,0,2,HikSemi,1846
277610829,"Pin laptop Dell YRDD6, 42Wh - Hàng Nhập Khẩu",960000,990000,3,0.0,0,1,Dell,1846
277606774,USB Wifi 150Mbps TP-Link High Gain Wireless TL-WN722N - Hàng chính hãng,202730,338000,40,0.0,0,2,TP-Link,1846
121063550,Bộ Chia Mạng Mercusys MS108G 8 Cổng 10/100/1000 Mbps - Hàng Chính Hãng,403000,423000,5,0.0,0,1,Mercusys,1846
276191379,"Hộp mực 85A dành cho máy in HP P1102 P1102w HP M1132 MFP, HP M1212NF Canon LBP 6030 6030w 6000 -Hàng chính hãng Alpha Cartridge",120000,120000,0,0.0,0,24,Alpha Cartridge,1846
273429093,"Hộp mực TOPJET 05A /80A /319 có lỗ đổ mực tiện lợi dùng cho máy in Hp P2035, P2055, M401D, Canon LBP 251DW, 252DW, LBP 6300, 6650, 6680, MF 5840, 5850, 5870, 5850 Hàng chính hãng",195000,195000,0,4.5,4,14,Topjet,1846
73390274,"Giấy in nhiệt K80X45mm - Giấy in Bill K80 - Giấy in hóa đơn K80 - Dùng cho các dòng máy in: XPRINTER, EPSON, BIXOLON, COGNITIVE, BIRCH, YAMAFUJI,C USTOM, SUPER PRINTER, TOPCASH, ANTECH, DATAPRINT, APOS, TAWA PRP, ATP",8000,8000,0,0.0,0,39,Hansol,1846
511996,Bộ Phát Wifi Router 4G LTE Băng Tần Kép AC750 TP-Link Archer MR200 - Hàng Chính Hãng,1260000,1706800,26,4.7,52,280,TP-Link,1846
277891279,USB CRAZY COOL 64Gb - USB 3.0 64GB Đầu Nối Kép Với 2 Cổng USB Type-C Và USB Type-A - Tương Thích MAC / PC Chuẩn Giao Tiếp USB 3.0 Và 2.0 - Hàng Chính Hãng,330000,350000,6,5.0,4,40,CRAZY COOL,1846
219163708,"Hộp mực 337 - Hộp mực Canon mf241d hàng nhập khẩu dùng cho máy in Canon MF211, MF212w, MF215, MF217w, MF220, MF221d, MF230, MF232w, MF235, MF237w, MF240, MF244dw, MF246dn, MF249dw, LBP 151dw - Cartridge 337 - 83A mới 100%",130000,130000,0,4.7,3,111,NoBrand,1846
276191290,Hộp Mực 85A dành cho Canon LBP 6030w F166400 6000 6030 3050 6018 312-325 MF 3010 Mực in HP P1102 P1102w M1136 M1130 M1132mf M1212nf M1139 - Hàng chính hãng Alpha Cartridge ,120000,120000,0,4.8,4,40,Alpha Cartridge,1846
6910261,Phần Mềm Diệt Virus Trend Micro Internet Security Bản Quyền 1 PC 12 Tháng - Hàng chính hãng,129000,129000,0,5.0,60,350,Trend Micro,1846
964243,Ổ Cứng SSD WD Green 240GB 3D NAND - WDS240G2G0A - Hàng Chính Hãng,575040,599000,4,5.0,19,86,WD,1846
278159875,Sách Người Ăn Chay,117000,150000,22,4.5,11,303,,8322
278150175,"Sách - 12 Nguyên tắc cốt lõi hợp tác làm ăn chung, Chia thế nào để khoá rủi ro, minh bạch, bền vững",139000,150000,7,0.0,0,73,,8322
278101824,Sách Thuyền,88320,128000,31,4.5,15,201,,8322
277891027,Sách - Khoá Học Cấp Tốc Về Tư Bản Và Tiền Bạc - Bài Học Từ Thành Phố Đắt Đỏ Nhất Thế Giới,149000,199000,25,4.6,13,383,,8322
277809376,Sách Tư duy dã tràng - Tim trí giao tranh,118000,160000,26,5.0,32,619,,8322
277728224,"Sách Nói Chuyện Là Bản Năng, Giữ Miệng Là Tu Dưỡng, Im Lặng Là Trí Tuệ",130700,189000,31,4.8,446,7528,,8322
276981137,Sách - Hội Chứng Tuổi Thanh Xuân - Light Novel - Chọn Lẻ 11 Tập - Hajime Kamoshida - Kim Đồng,105000,105000,0,5.0,2,24,,8322
276960030,Sách Khi Mọi Điều Không Như Ý,87200,109000,20,5.0,79,1879,,8322
276948798,"Sách Lên Đỉnh Núi Mở Tiệm Bánh Mì - Triết lí Wazawaza: Những con người hạnh phúc, 2 loại bánh mì, và doanh thu thường niên 300 triệu Yên",90000,120000,25,4.8,74,1977,,8322
276912755,Sách Tiến hóa nội tâm cùng Carl Jung,139000,192000,28,4.7,13,261,,8322
276900136,Thế Hệ Lo Âu,159880,229000,30,5.0,16,301,,8322
276388548,Sách Tư Duy Nhanh Và Chậm (Tái Bản),166780,269000,38,4.7,214,3360,,8322
275948240,Sách Same As Ever: Quy Luật Bất Biến Về Bản Chất Con Người Và Tâm Lý Làm Giàu,151400,219000,31,4.7,41,835,,8322
275406600,Sách Dẫn Dắt Một Bầy Sói Hay Chăn Một Đàn Cừu,135800,195000,30,4.7,87,2749,,8322
275362670,Sakamoto Days Sát thủ huyền thoại,39000,45000,13,5.0,52,1373,,8322
274363543,Sách Con Đường Chẳng Mấy Ai Đi,110000,165000,33,5.0,225,4370,,8322
274031576,Series các tập ATTACK ON TITAN,43000,48000,10,5.0,110,1812,,8322
273819808,Sách Tâm Lý Học Về Tiền,131600,189000,30,4.8,3744,27611,,8322
273407953,Sách Combo 2 Cuốn : Những tâm thư gửi chính mình + Những lá thư du hành thời gian - SBOOKS,164900,276000,40,5.0,2,56,,8322
271380890,Sách Đúng Việc,89000,125000,29,5.0,964,4242,,8322
270234757,Sách Xứ Sở Miên Man,176000,220000,20,5.0,153,2274,,8322
263070154,Sách Giải mã Hoóc-môn Dopamine,152460,198000,23,4.8,306,4660,,8322
262590428,Sách Búp Sen Xanh,57600,72000,20,5.0,262,3776,,8322
207946236,Sổ Tay 1980books,19000,19000,0,0.0,0,3403,,8322
202879294,Sách Người Đàn Ông Mang Tên Ove (Tái Bản 2022),117000,160000,27,5.0,453,5604,,8322
195291930,Sách Bốn Thỏa Ước,100100,130000,23,5.0,266,4505,,8322
170708233,Sách Thay Đổi Tí Hon - Hiệu Quả Bất Ngờ Atomic Habits (Tái Bản Lần 4),142000,189000,25,4.8,872,11457,,8322
161008715,Sách Power Vs Force - Trường Năng Lượng Và Những Nhân Tố Quyết Định Hành Vi Của Con Người (Tái Bản),126400,179000,29,5.0,591,7055,,8322
140416370,Sách Flow - Dòng Chảy,174400,228000,24,5.0,771,8845,,8322
107026335,Sách Trắng,63200,79000,20,4.8,97,1212,,8322
101782486,"Sách Deep Work - Làm Ra Làm, Chơi Ra Chơi (Tái Bản)",103000,159000,35,4.7,319,3708,,8322
74021317,Sách Cây Cam Ngọt Của Tôi,86400,108000,20,5.0,13487,76279,,8322
71345381,Sách Thay Đổi Cuộc Sống Với Nhân Số Học - Lê Đỗ Quỳnh Hương,170400,248000,31,4.8,5293,31398,,8322
56609155,Sách Trường Ca Achilles (Quà Tặng Kèm: 01 Bookmark + 01 Phụ Lục),124800,156000,20,5.0,769,3919,,8322
52789367,Sách Nhà Giả Kim (Tái Bản 2020),60830,79000,23,5.0,6053,39069,,8322
42230121,Sách Hiểu Về Trái Tim (Tái Bản 2019) - Minh Niệm,138900,158000,12,5.0,3728,37069,,8322
13419678,Sách Đi Tìm Lẽ Sống (Tái Bản ),70400,88000,20,4.8,2517,23537,,8322
3954355,Sách Yêu Những Điều Không Hoàn Hảo,135200,169000,20,5.0,4060,42691,,8322
1647103,Sách Bà Ngoại Tôi Gửi Lời Xin Lỗi,139000,190000,27,4.8,106,1499,,8322
545049,Sách Vu Lan Bàn Về Lý Luận Của Việc Siêu Độ,7000,7000,0,5.0,1,250,,8322
278229572,"Hẹn Gặp Lại, Quốc Vương Của Tôi - Tập 3",152150,179000,15,5.0,8,76,,8322
278227594,Sách Bất Tuần - Tập 3,148000,185000,20,4.7,7,48,,8322
278160056,One Piece - Tập 107 (Bản Bìa Áo): “Anh Hùng Huyền Thoại”,29400,30000,2,5.0,9,61,,8322
278160053,Dấu Ấn Hoàng Gia – Tập 26 [Tặng Kèm Postcard],28500,30000,5,5.0,4,94,,8322
277992334,Sách Cuộc Chiến Kim Loại Hiếm,147700,248000,40,5.0,12,225,,8322
277599506,Sách Đôi mắt của Mona,239647,338000,29,4.7,11,253,,8322
277412034,Sách Song Ngữ Lời Thì Thầm Trong Tổ Ấm - Whispers In The Home - Chính Hãng + Mã File Nghe,198000,198000,0,5.0,35,945,,8322
276823777,Sách Tại sao các quốc gia thất bại,221160,310000,29,5.0,49,751,,8322
276659602,Series các tập Claymore,34000,40000,15,5.0,36,558,,8322
276379811,Series các tập WIND BREAKER,38000,45000,16,5.0,29,164,,8322
276159943,Sách NEXUS - Lược Sử Của Những Mạng Lưới Thông Tin Từ Thời Đại Đồ Đá Đến Trí Tuệ Nhân Tạo,213594,325000,34,5.0,177,2546,,8322
275702538,Sách Chat GPT Thực Chiến,111100,169000,34,4.7,191,3298,,8322
275599939,Sách Sưởi Ấm Mặt Trời: Tập 2 Của Cây Cam Ngọt,128000,160000,20,5.0,158,2675,,8322
275243138,Sách Rèn Luyện Tư Duy Phản Biện,88100,139000,37,4.8,4839,1215,,8322
274797526,SÁCH SƠ CỨU 360 - Cẩm nang tri thức sơ cứu và xử lý mọi tình huống ( sản phẩm chính hãng),242000,250000,3,4.7,36,618,,8322
273717706,Sách Hiểu Về Bản Chất Con Người - Lý Luận Của Bậc Thầy Tâm Thần Học,95450,129000,26,4.8,82,1422,,8322
272367381,Sách Trốn Lên Mái Nhà Để Khóc,76000,95000,20,5.0,136,2473,,8322
271379451,Sách Lý Thuyết Trò Chơi,123700,179000,31,4.7,471,9670,,8322
271118010,Sách Giao Tiếp Bất Bạo Động (Nonviolent Communication),118000,155000,24,5.0,132,2125,,8322
270114030,Combo sách - Biến Mọi Thứ Thành Tiền - Quyển 1+2 - Nguyễn Anh Dũng - SBOOKS,163930,276000,41,4.5,97,1778,,8322
261982682,Sách Cuộc cách mạng Glucose,106000,158000,33,5.0,102,1808,,8322
247446852,Sách Sức Hút Của Sự Điềm Tĩnh,86950,119000,27,4.8,72,1860,,8322
229714486,Sách Giải Trí Đến Chết,124600,179000,30,4.8,105,1466,,8322
220665663,Sách 30 Tuổi - Mọi Thứ Chỉ Mới Bắt Đầu,108000,135000,20,4.8,149,2447,,8322
204000450,Combo Sách Giáo Trình Chuẩn HSK 1 - Sách Bài Học Và Bài Tập (Bộ 2 Cuốn),274801,356000,23,5.0,95,1470,,8322
195545304,Sách Khéo Ăn Nói Sẽ Có Được Thiên Hạ,68900,130000,47,4.8,146,4449,,8322
194960730,Sách Nỗi buồn chiến tranh,97000,130000,25,5.0,320,3653,,8322
190335975,Combo 2 cuốn Truyện Dành Cho Thiếu Nhi : Tuổi Thơ Dữ Dội - Tập 1 + 2 (Tái Bản),124800,160000,22,5.0,143,1541,,8322
187827003,Sách Không Diệt Không Sinh Đừng Sợ Hãi (TB5),88000,110000,20,5.0,1858,29642,,8322
184419723,Sách Sapiens Lược Sử Loài Người (Tái Bản 2022),183885,299000,39,5.0,416,4815,,8322
177487151,Sách Nếu Biết Trăm Năm Là Hữu Hạn,123000,159000,23,5.0,263,1922,,8322
168662171,Sách Vừa Nhắm Mắt Vừa Mở Cửa Số,56000,75000,25,5.0,186,2769,,8322
145288029,Sách Xứ Cát,193224,249000,22,4.8,1425,8595,,8322
107802188,Sách Bí Mật Tư Duy Triệu Phú (Tái Bản),86400,108000,20,5.0,334,2979,,8322
85923342,Sách Minh Triết Trong Ăn Uống Của Phương Đông (Tái Bản),134400,168000,20,5.0,273,4261,,8322
75996801,Sách Charlie Và Nhà Máy Sô Cô La (Tái Bản 2021),48000,60000,20,5.0,143,1664,,8322
55319105,Sách Những Quy Luật Của Bản Chất Con Người,213400,300000,29,4.8,868,7381,,8322
50322710,Sách 48 Nguyên Tắc Chủ Chốt Của Quyền Lực (Tái Bản 2020),148000,200000,26,5.0,967,9178,,8322
10005245,Sách Đàn Ông Sao Hỏa Đàn Bà Sao Kim,139000,188000,26,4.8,4225,53040,,8322
4780917,Sách Người Đua Diều (Tái Bản 2018),103200,129000,20,4.8,2710,22607,,8322
278165395,"Sách Thế Giới Otome Game Thật Khắc Nghiệt Với Nhân Vật Quần Chúng"" (Tập 13 - tập cuối)",127200,159000,20,5.0,12,94,,8322
278089762,Sách Đại Địa Chấn Kinh Tế,150400,188000,20,5.0,2,87,,8322
278059479,Sách Nghĩ khác - Làm khác,114560,179000,36,5.0,13,323,,8322
278035545,Sách Tư Duy Đầu Tư - Tiền Đẻ Ra Tiền,165200,239000,31,4.7,6,222,,8322
278011249,"Sách Hồi Ức Đến Tương Lai - Suy ngẫm về văn hóa, giáo dục và con đường phát triển của Việt Nam",174100,289000,40,5.0,12,169,,8322
277997247,Sách Ba Đứa Trẻ Và Người Thủ Thư Tốt Bụng,123700,179000,31,5.0,5,154,,8322
277938216,Sách Sống cuộc đời giàu có nhất của bạn (Robin Sharma),151000,200000,25,5.0,10,463,,8322
277770425,"Sách Hồi Ký Nguyễn Thị Bình - Gia Đình, Bạn Bè và Đất Nước",127600,159000,20,5.0,54,868,,8322
277361862,Sách Kỹ thuật đặt câu lệnh cho ChatGPT,124600,179000,30,4.8,18,528,,8322
276922095,Sách Thế Hệ Lo Âu,155600,229000,32,4.7,40,837,,8322
276833162,Sách Chuyện Con Mèo Dạy Hải Âu Bay,48000,60000,20,5.0,2805,694,,8322
276641698,Tiệm sách của nàng (Nguyễn Nhật Ánh),91000,125000,27,5.0,95,1359,,8322
276436427,Combo Tâm Lý Học Về Tiền + Same As Ever,259863,408000,36,5.0,8,263,,8322
276019606,Sách Không Gia Đình (Tái Bản),108000,160000,33,5.0,166,931,,8322
275264393,Sách Chia sẻ từ trái tim,126400,168000,25,5.0,158,3362,,8322
274844704,Sách Trong Đầu Có Giấu Con Voi,143000,215000,33,4.7,22,537,,8322
274466425,Sách Cứu Tinh Xứ Cát - Dune Phần 2,115500,150000,23,4.8,163,1869,,8322
272854044,Sách Tiếng Anh Giao Tiếp Bệnh Viện dành cho người mới bắt đầu - Tác giả BS. Đỗ Trung Kiên (Phiên bản mới nhất 2024),241000,249000,3,5.0,46,1137,,8322
270546273,Combo Tư Duy Ngược + Tư Duy Mở (Nguyễn Anh Dũng) SBOOKS ,164900,276000,40,4.7,197,3536,,8322
253365659,"Trọn Bộ Giáo Trình Destination Grammar & Vocabulary B1, B2, C1&C2 (Kèm Đáp Án) Lẻ/combo",158400,198000,20,4.8,81,839,,8322
249960247,Sách Tiếng Anh Y Khoa dành cho người mới bắt đầu - Tác giả BS. Đỗ Trung Kiên (Tái bản mới nhất 2024),193030,299000,35,5.0,186,3154,,8322
249876840,"Sách Beartown - Thị trấn nhỏ, giấc mơ lớn",153000,210000,27,5.0,129,1448,,8322
249875170,Sách Hai số phận (bìa cứng),157000,235000,33,5.0,342,2546,,8322
225912339,Sách Chủ nghĩa khắc kỷ - phong cách sống bản lĩnh và bình thản (Tái Bản),97400,149000,35,4.7,227,3234,,8322
210277880,Sách Con người và Biểu tượng - Man and his symbols,322000,450000,28,4.8,215,2475,,8322
207035097,Sách Gánh gánh… gồng gồng… (Xuân Phượng hồi ký),125000,160000,22,5.0,90,1645,,8322
176909221,Sách Ngôi Nhà Bên Bờ Biển Xanh Thẳm,159200,199000,20,5.0,516,3562,,8322
139303869,Sách Nghệ Thuật Tinh Tế Của Việc Đếch Quan Tâm (Tái Bản),86000,128000,33,5.0,576,5797,,8322
113530805,Sách Tuổi Trẻ Đáng Giá Bao Nhiêu (Tái Bản),83160,108000,23,4.8,1528,11986,,8322
91947689,Sách 7 Thói Quen Hiệu Quả (The 7 Habits Of Highly Effective People) - Stephen R. Covey - PACE Books,167500,250000,33,5.0,990,9434,,8322
66619715,Sách Vị Tu Sĩ Bán Chiếc Ferrari (Tái Bản),76900,98000,22,4.8,948,8593,,8322
59262880,Sách Người Bán Hàng Vĩ Đại Nhất Thế Giới (Tái Bản 2020),118400,148000,20,4.8,979,7443,,8322
57325187,Sách Người Giàu Có Nhất Thành Babylon (Tái Bản 2020),78900,98000,19,5.0,2540,17758,,8322
49002009,Sách DƯỠNG TÂM GIÀU CÓ DƯỠNG THÂN NGHÈO KHÓ - NGUYỄN ANH DŨNG,98000,98000,0,4.6,74,3276,,8322
48362502,Sách Sang Chấn Tâm Lý - Hiểu Để Chữa Lành,248344,350000,29,5.0,799,7066,,8322
39909003,Sách Giáo Dục Nhi Đồng,52000,65000,20,4.7,20,414,,8322
11119019,Sách Oxford Advanced Learner's Dictionary 8th Edition (With Vietnamese Translation) and CD - ROM (Paperback),562226,625000,10,4.8,235,1498,,8322
7833728,Sách Dạy Con Làm Giàu (Tập 1) - Để Không Có Tiền Vẫn Tạo Ra Tiền - Cha Giàu Cha Nghèo (Tái Bản),59000,80000,26,4.8,3580,38118,,8322
3304875,Sách Điều Kỳ Diệu Của Tiệm Tạp Hóa NAMIYA (Tái Bản),105000,139000,24,5.0,4854,34515,,8322
750578,Sách Khi Hơi Thở Hóa Thinh Không,73100,109000,33,4.7,2299,62285,,8322
278249595,Combo 2 cuốn: AI Agent Thực Chiến + AI Agent Ứng Dụng,328560,498000,34,5.0,1,29,,8322
278170006,Sách Cội Rễ (Bìa Mềm),262627,380000,31,5.0,8,78,,8322
278159097,Sách Totto-Chan Bên Cửa Sổ - Những Chuyện Tiếp Theo,119350,155000,23,5.0,17,262,,8322
278130366,Sách Lịch Sử Phật Giáo,157700,235000,33,5.0,6,160,,8322
278123405,Sobotei Dinh Thự Ma Ám,41000,45000,9,5.0,3,185,,8322
278095952,THUYỀN – Nguyễn Đức Tùng – NXB Phụ Nữ Việt Nam,112600,128000,12,0.0,0,4,,8322
278095717,Dấu Ấn Hoàng Gia - Tập 25,28500,30000,5,5.0,4,89,,8322
278064377,Sách Tĩnh Lặng Là Dáng Vẻ Đẹp Nhất Của Bạn,77220,99000,22,5.0,3,152,,8322
277992346,"Sách Genesis - Khởi Nguyên: Trí Tuệ Nhân Tạo, Niềm Hi Vọng Và Tinh Thần Nhân Loại",104000,159000,35,5.0,4,55,,8322
277816160,Sách Bình Minh Trên Phố Brooklyn,128700,195000,34,4.5,6,155,,8322
277591013,Bộ Truyện - Itto - Cơn lốc sân cỏ,171000,175000,2,5.0,15,136,,8322
277539447,Sách Về với gia đình,66000,100000,34,5.0,5,89,,8322
276777219,Sách Chăm Sóc Bản Thân Thật Sự,115400,148000,22,5.0,10,318,,8322
276313958,Sách Vẻ Đẹp Của Cảnh Sắc Tầm Thường,155700,235000,34,5.0,58,1107,,8322
275905148,Sách Nâng Cao Tần Số Năng Lượng Cá Nhân,117800,179000,34,5.0,22,517,,8322
275429552,Content Storytelling,135400,195000,31,5.0,2,44,,8322
272449818,Sách MANIFEST – 7 Bước Để Thay Đổi Cuộc Đời Bạn Mãi Mãi,81750,109000,25,5.0,149,2611,,8322
271518926,Sách Dám bị ghét,91630,119000,23,5.0,49,1119,,8322
207256575,Sách Định luật Murphy – Mọi bí mật tâm lý thao túng cuộc đời bạn,88060,119000,26,4.8,619,8262,,8322
206784512,Sách Cây Brooklyn Xanh Biếc,187300,269000,30,4.5,14,205,,8322
205581885,Sách Ba người thầy vĩ đại (Tái bản),71300,115000,38,5.0,227,4121,,8322
195801321,Sách The One Thing - Điều Ý Nghĩa Nhất (Tái Bản 2022),76755,119000,36,4.8,105,2435,,8322
192475873,Sách Để Con Được Ốm,96000,120000,20,5.0,107,4022,,8322
190861557,Sách Yêu Những Ngày Nắng Chẳng Ghét Những Ngày Mưa,104600,132000,21,5.0,924,5942,,8322
189940673,Sách Học Cách Học (Tái bản),106700,159000,33,4.8,52,740,,8322
179063564,Sách Tôi Tự Học,89000,120000,26,4.8,275,3606,,8322
170708219,Sách Đừng Bao Giờ Chia Đôi Lợi Ích Trong Mọi Cuộc Đàm Phán,121600,179000,32,4.8,106,1915,,8322
157255752,Sách Sức Mạnh Của Hiện Tại (Tái Bản),134400,168000,20,5.0,288,3197,,8322
127649070,Sách Thay Đổi Câu Hỏi Thay Đổi Cuộc Đời,53800,85000,37,5.0,20,1158,,8322
101897983,Sách Không Tức Giận Bạn Đã Thắng,116220,149000,22,4.7,185,1812,,8322
95289208,Sách Người Bà Tài Giỏi Vùng Saga,84000,128000,34,5.0,502,4885,,8322
90056907,Sách Khởi Nghiệp Tinh Gọn (The Lean Startup) (Tái Bản),129400,165000,22,5.0,594,5093,,8322
75307228,Sách OSHO Yêu - Being In Love - Yêu Trong Tỉnh Thức,130400,168000,22,5.0,2138,14699,,8322
54266567,Sách Nghĩ Giàu Và Làm Giàu (Bìa Mềm),88500,110000,20,5.0,1842,14296,,8322
53728878,Sách Tối Đa Hóa Hiệu Suất Công Việc – Việc 12 Tháng Làm Trong 12 Tuần,125000,169000,26,4.7,180,1630,,8322
40933969,Sách Một Đời Quản Trị (Tái Bản),150000,200000,25,5.0,528,6458,,8322
30757177,Sách Bản Chất Của Người,99330,129000,23,4.7,141,1695,,8322
10767515,Sách Phân Tâm Học Nhập Môn,127200,159000,20,4.7,442,4048,,8322
8886007,Sách Ngàn Mặt Trời Rực Rỡ (Tái Bản),100100,130000,23,4.8,1372,10503,,8322
3639597,Sách Bước Chậm Lại Giữa Thế Gian Vội Vã (Tái Bản),80000,100000,20,4.8,4035,48812,,8322
278229520,Solo Leveling - Tôi Thăng Cấp Một Mình - Tập 21 [Tặng Kèm Obi + Bộ Đôi Card PVC],83600,88000,5,5.0,3,40,,8322
278226970,Sách - Totto-chan bên cửa sổ những chuyện tiếp theo (Nhã Nam HCM),136000,155000,12,5.0,1,2,,8322
278160119,One-Punch Man - Tập 30: Chướng Ngại Lớn Nhất (Bản Thường),29400,30000,2,5.0,3,55,,8322
278160115,Thám Tử Lừng Danh Conan - Tập 32 (Bản Nâng Cấp) [Tặng Kèm Bookmark],34300,35000,2,5.0,2,21,,8322
278122197,Sách Tàng Long Quyết,147400,209000,29,5.0,1,51,,8322
278089743,Sách Good Energy - Năng Lượng Tốt,152900,229000,33,5.0,9,234,,8322
278076371,Combo Hồi Ức Hành Trình Vì Hòa Bình - Nguyễn Chí Vịnh + Từ Sông Bến Hải Đến Dinh Độc Lập,195940,240000,18,4.6,7,68,,8322
278074011,Tây Du Lầy Lội Ký 2,165550,215000,23,5.0,1,34,,8322
278055563,Sách Sông Đà: Lịch Sử Một Vùng Biên Cảnh Việt Nam,234992,399000,41,5.0,9,108,,8322
277933562,Sách OSHO – Giác Ngộ,130700,189000,31,4.8,5,123,,8322
277857894,Sách Kỷ Vật Vô Giá,151400,219000,31,4.3,12,124,,8322
277587065,Sách 365 Ngày Ký Họa 5 Giây Vẽ Tất Tần Tật Mọi Thứ Trên Đời,119200,149000,20,5.0,6,153,,8322
277581147,[Sách Màu] Xây Nhà - Ngàn điều cần biết - Phiên bản 2025,349000,369000,5,5.0,19,268,,8322
277381902,Sách Tiếng gọi chân trời - Nguyễn Ngọc Tư,66000,95000,31,5.0,36,626,,8322
277164024,Sách Đất đai (Ham muốn sở hữu định hình thế giới hiện Đại),213788,290000,26,5.0,17,174,,8322
276968794,Truyện - Naruto - Chọn Lẻ Tập 1 - 25 - Masashi Kishimoto - NXB Kim Đồng,35000,35000,0,3.8,4,49,,8322
275215840,Sách Giáo Khoa Bộ Lớp 6 - Chân Trời Sáng Tạo - Sách Bài Học (Bộ 12 Cuốn) (Chuẩn),177400,182400,3,4.0,7,106,,8322
273135675,Sách KIỂM SOÁT SỰ TẬP TRUNG GIỮA CƠN BÃO CÔNG NGHỆ,165550,215000,23,5.0,29,390,,8322
273114488,Sách Tư Duy Ngược,126000,179000,30,4.5,74,2087,,8322
272888010,Sách Sống Khai Vấn - Sống Tỉnh Thức,140030,209000,33,4.8,42,735,,8322
272000024,Sách MBA bằng hình (Trọn gói hai năm kiến thức quản trị kinh doanh qua trực quan sinh động),151200,189000,20,5.0,254,4842,,8322
270504803,Sách 4 Nguyên Tắc Thực Thi (The 4 Disciplines Of Execution),153100,205000,25,5.0,24,785,,8322
205148094,Sách Cánh Cửa Mở Rộng -Thần Thoại Sisyphus,67000,95000,29,5.0,55,724,,8322
187843291,Sách Nhật ký Đặng Thùy Trâm,72000,90000,20,5.0,143,2175,,8322
184070223,Sách OSHO - Cảm Xúc,150400,188000,20,5.0,322,3392,,8322
174842858,Sách Sức Mạnh Của Ngôn Từ (Tái Bản 2022),88400,108000,18,5.0,313,4820,,8322
169546325,Sách Lời Hứa Về Một Cây Bút Chì (Tái Bản),98580,159000,38,4.8,73,698,,8322
165030729,Sách Những Kẻ Âu Lo,132000,180000,27,5.0,153,1646,,8322
154245455,Combo 2 Cuốn Nghiền Từ Vựng Tiếng Anh: Học Qua Gốc Từ Bằng Hình Ảnh - Gốc Từ Là Bí Quyết Để Ghi Nhớ Hàng Nghìn Từ Vựng,199820,270000,26,5.0,297,2550,,8322
111290700,Sách Bố Già (Bìa Cứng) (Tái Bản),166000,250000,34,5.0,341,1881,,8322
104314401,Sách Bí Mật Của May Mắn (Khổ Lớn) (Tái Bản),54400,68000,20,4.8,543,5698,,8322
75953557,Tâm Lý Học Về Tiền,131080,189000,31,4.8,88,822,,8322
57815506,Sách Tư Duy Ngược Dịch Chuyển Thế Giới,138900,178000,22,4.8,412,4211,,8322
45663008,Sách Ngày Xưa Có Một Con Bò…(Tái Bản),51000,70000,27,4.8,1022,11214,,8322
32490132,Sách Một Đời Như Kẻ Tìm Đường,130000,175000,26,4.8,609,9209,,8322
10920495,Sách Dế Mèn Phiêu Lưu Ký,121000,150000,19,5.0,854,7458,,8322
10581200,Sách Dế Mèn Phiêu Lưu Ký (Tái Bản),40000,50000,20,5.0,1308,14036,,8322
2619499,Sách ​Liễu Phàm Tứ Huấn (Tái Bản 2018),39600,59000,33,4.8,284,5262,,8322
1702825,Sách Hóa Thân (Tái Bản),43200,54000,20,4.8,193,2918,,8322
1085104,Sách Nghệ Thuật Đàm Phán Đỉnh Cao,100000,149000,33,4.5,21,791,,8322
